Date,CP_PCT,OC_PCT,HC_PCT,LC_PCT,y_got,y_given,mean_values
2011-01-03,3.041946845981428,-2.1131137352392826,2.703542573026721,-2.423865755127412,,3.041946845981428,
2011-01-04,-0.9167184586699777,1.866081229418218,1.8974439391563287,-1.3956405833464154,,-0.9167184586699777,
2011-01-05,-2.1718676493649087,2.588763324517108,3.1818546124869798,-0.7774304720686098,,-2.1718676493649087,
2011-01-06,0.032058988538900664,0.472718532168904,1.706594022914845,-0.6489864594183086,,0.032058988538900664,
2011-01-07,-3.108725262398843,4.5232779293806376,4.5232779293806376,-0.7690399404614202,,-3.108725262398843,
2011-01-10,-5.532126023319265,6.092436974789908,6.188725490196062,-1.0504201680672267,,-5.532126023319265,
2011-01-11,-1.6719187675070146,1.4866909997329338,3.623252915516785,-2.465948544467199,,-1.6719187675070146,
2011-01-12,2.68850707736135,-2.037277850021673,0.693541395752059,-3.2509752925877766,,2.68850707736135,
2011-01-13,3.2856523623753873,-2.971294275642109,3.861003861003861,-3.6427732079906066,,3.2856523623753873,
2011-01-14,-5.6572100050361,5.871886120996441,6.227758007117438,-1.1832740213523092,,-5.6572100050361,
2011-01-17,1.7259786476868408,-0.655938429246108,2.273919888053175,-1.2594017841525353,,1.7259786476868408,
2011-01-18,1.7141857617631544,-0.7738607050730868,1.5649183147033574,-0.7738607050730868,,1.7141857617631544,
2011-01-19,0.32674118658641055,0.10284538909839265,1.1312992800822803,-1.2598560164552661,,0.32674118658641055,
2011-01-20,3.111073020226256,-3.6489069902751115,1.9034161748815634,-3.9148865430969924,,3.111073020226256,
2011-01-21,-0.4903998005153241,0.49281657200132506,2.505846976277982,-0.43434680922152064,,-0.4903998005153241,
2011-01-24,0.10023387905112306,0.1335113484646119,1.7940587449933245,-0.7009345794392599,,0.10023387905112306,
2011-01-25,-1.134846461949277,1.789331532748147,2.6249155975692218,-0.9115462525320691,,-1.134846461949277,
2011-01-27,-1.7386900742741314,2.216114069747462,2.5081601099467483,-0.5067857756399322,,-1.7386900742741314,
2011-01-28,-6.71705892458341,7.200736648250465,7.550644567219153,-0.6906077348066298,,-6.71705892458341,
2011-01-31,1.372007366482513,-4.3055681714960565,1.1717685530020767,-4.487237714597156,,1.372007366482513,
2011-02-01,-0.6449268780089141,1.2616566099835393,3.1267142073505254,-1.0788078259279534,,-0.6449268780089141,
2011-02-02,-3.1541415249588587,4.786179552534698,5.35259133389975,-0.67025394128197,,-3.1541415249588587,
2011-02-03,1.2083451335787743,-1.1845909896464712,0.5689767745546253,-2.3225445387557007,,1.2083451335787743,
2011-02-04,-5.074153530454236,5.021126068586018,5.021126068586018,-0.7566080377321456,,-5.074153530454236,
2011-02-07,1.3166945072221543,-1.464455435942189,2.4148967122490634,-1.464455435942189,,1.3166945072221543,
2011-02-08,-3.627194258558808,4.900875515749224,6.199054040454857,-0.7748817550568627,,-3.627194258558808,
2011-02-09,-3.351112005635511,2.2490628904623096,2.457309454394005,-3.998334027488544,,-3.351112005635511,
2011-02-10,-1.2703040399833332,1.7717781058848296,3.670111790761438,-1.075722421430083,,-1.2703040399833332,
2011-02-11,3.438093229276514,-2.7324632952691634,1.2030995106035958,-4.139477977161492,,3.438093229276514,
2011-02-14,2.8955954323001727,-1.545778834720573,0.8125247720967035,-2.437574316290133,,2.8955954323001727,
2011-02-15,-1.3674197384066655,2.2302591922845134,2.2704440425959436,-0.9443439823186637,,-1.3674197384066655,
2011-02-16,0.9142053445850937,-0.6072672971627698,2.33947237431558,-1.0452961672473868,,0.9142053445850937,
2011-02-17,-0.637132901941262,0.5911231339545113,2.1841498847810796,-0.6211802424606798,,-0.637132901941262,
2011-02-18,-1.8635407273820281,3.072996426748343,6.319550791220019,-0.929045431342524,,-1.8635407273820281,
2011-02-21,2.348136804492088,-2.2643391521197054,0.9276807980049829,-2.2643391521197054,,2.348136804492088,
2011-02-22,1.605985037406486,-1.884940113881803,1.6689573924994978,-2.562340467308072,,1.605985037406486,
2011-02-23,0.5399568034557124,-0.5956449565472034,0.966702470461878,-2.255639097744352,,0.5399568034557124,
2011-02-24,3.22234156820623,-1.6176331472897467,7.350297985053452,-2.2798221549522197,,3.22234156820623,
2011-02-25,-0.3594740327310524,0.2373492832051647,3.7311307319851856,-3.7121427893287677,,-0.3594740327310524,
2011-02-28,2.8102155131491635,-2.1146920306584254,0.6556468741342606,-2.48407055129745,,2.8102155131491635,
2011-03-01,1.8099547511312133,-1.2063492063492023,1.0068027210884272,-1.841269841269837,,1.8099547511312133,
2011-03-03,-2.35827664399093,2.1644217371110037,2.201579191825364,-0.42731072921504026,,-2.35827664399093,
2011-03-04,-0.9568044588945616,2.241605702494829,2.241605702494829,-4.145563684111804,,-0.9568044588945616,
2011-03-07,3.7891577565184638,-4.211097054039392,0.8494487619736212,-5.900957889029456,,3.7891577565184638,
2011-03-08,0.8675221398879573,-0.017917935853793716,3.565669234904135,-0.37627665292958656,,0.8675221398879573,
2011-03-09,-1.7917935853789642,2.1711366538952706,3.6307243203794886,-0.5564677978471206,,-1.7917935853789642,
2011-03-10,-0.5564677978471206,0.908173562058535,2.926337033299706,-0.44032657554352395,,-0.5564677978471206,
2011-03-11,0.08256123291441987,-0.18331805682859761,2.098991750687451,-1.008249312557287,,0.08256123291441987,
2011-03-14,-0.14665444546286974,0.1468698366072984,1.6063888378924178,-0.6792729943088021,,-0.14665444546286974,
2011-03-15,0.40389205067008105,-1.6273541780947114,1.389650758822458,-4.205522033278479,,0.40389205067008105,
2011-03-16,2.8981532272810426,-2.265659706796979,2.3367392270102134,-2.265659706796979,,2.8981532272810426,
2011-03-17,-0.1776988005330964,-0.6675567423230975,3.382287494437027,-0.801068090787717,,-0.1776988005330964,
2011-03-18,-1.6733422340898936,2.416945777134068,4.444645605141659,-1.2854168552548244,,-1.6733422340898936,
2011-03-21,0.5069249570018928,0.5133747635774156,1.873367558317568,-0.9366837791587738,,0.5069249570018928,
2011-03-22,-2.4768080698910206,3.4355374953823468,4.1743627632065055,-0.6926486885851496,,-2.4768080698910206,
2011-03-23,1.5238271148873292,-1.2098608205221464,2.0103702356044884,-1.3917947784954021,,1.5238271148873292,
2011-03-24,-1.1370872373328482,1.3986013986014028,2.4935590725064536,-0.40485829959512915,,-1.1370872373328482,
2011-03-25,0.6900993743099006,2.348533308964639,2.348533308964639,-0.5482957141551676,,0.6900993743099006,
2011-03-28,0.38380699990862155,0.154756486117437,1.2926718252162082,-0.7737824305871643,,0.38380699990862155,
2011-03-29,-0.1638598088302189,0.300902708124369,1.6959970821555492,-0.4194401385976234,,-0.1638598088302189,
2011-03-30,-1.1944925686149481,1.5134736064968708,2.417866371354748,-0.32299741602067183,,-1.1944925686149481,
2011-03-31,-0.44296788482834576,1.038190582128295,2.2432332220986324,-0.6303299962921723,,-0.44296788482834576,
2011-04-01,3.1145717463848848,-2.238403451995693,0.7731032002876581,-2.373247033441216,,3.1145717463848848,
2011-04-04,1.537216828478956,-1.3722886232846392,1.1155378486055696,-1.3722886232846392,,1.537216828478956,
2011-04-05,3.7273129703408507,-3.7214066234209553,2.40696483441448,-3.7214066234209553,,3.7273129703408507,
2011-04-06,2.594742232843982,-2.2129783693843517,2.462562396006648,-3.1613976705490847,,2.594742232843982,
2011-04-07,2.454242928452579,-2.0706455542021924,0.5278116118554608,-3.199350385708493,,2.454242928452579,
2011-04-08,-2.468534307754778,2.988926817084347,3.055532428607114,-0.42461077345765624,,-2.468534307754778,
2011-04-11,-1.323786529015058,1.4174822814714776,1.8815389807627365,-0.6665541680729068,,-1.323786529015058,
2011-04-13,1.2065474181572693,-1.792413505627345,1.7173822426010763,-2.501042100875365,,1.2065474181572693,
2011-04-15,4.351813255523139,-3.7469042102740344,2.4606535112247307,-4.170328353439326,,4.351813255523139,
2011-04-18,-0.5352720300391504,1.2048192771084338,2.8112449799196786,-0.4417670682730923,,-0.5352720300391504,
2011-04-19,0.3373493975903651,-0.33621517771374043,1.849183477425545,-2.3855267371117477,,0.3373493975903651,
2011-04-20,8.957732949087404,-7.449856733524346,1.9763426640217538,-8.221291602380418,,8.957732949087404,
2011-04-21,-3.1077804716773167,4.124962086745533,6.9153776160145615,-0.6596906278434975,,-3.1077804716773167,
2011-04-25,5.489839247801038,-4.427832087406565,1.035077630822302,-5.692926969522717,,5.489839247801038,
2011-04-26,0.2012650948821129,0.430416068866571,2.71879483500718,-0.6671449067431818,,0.2012650948821129,
2011-04-27,-0.430416068866571,1.5994236311239227,2.291066282420746,-0.5763688760806917,,-0.430416068866571,
2011-04-28,0.33141210374639113,-0.47393364928909304,0.6606347838575359,-1.543874766623582,,0.33141210374639113,
2011-04-29,5.529225908372829,-4.7359825802939515,1.524224278715303,-5.470876428960252,,5.529225908372829,
2011-05-02,-7.396570495372878,8.898523036226019,9.86112131677565,-1.021382908369468,,-7.396570495372878,
2011-05-03,-1.0066867514145084,0.20783847980997286,2.4346793349168614,-1.5736342042755376,,-1.0066867514145084,
2011-05-04,0.9798099762470341,-0.6174654513378485,1.3525433695971674,-1.911202587474272,,0.9798099762470341,
2011-05-05,0.08820935019110689,0.47003525264395507,1.1603995299647607,-1.101645123384254,,0.08820935019110689,
2011-05-06,4.5828437132785025,-3.8904494382022534,1.8258426966292134,-3.8904494382022534,,4.5828437132785025,
2011-05-09,11.018258426966298,-9.33645391865394,1.71421342273388,-9.456638623568853,,11.018258426966298,
2011-05-10,-6.376114871275866,8.100803999729754,8.431862711978933,-0.6823863252482879,,-6.376114871275866,
2011-05-11,-0.15539490574960846,0.41954256326972833,2.4157531465692275,-1.3398294762484744,,-0.15539490574960846,
2011-05-12,-6.11720124509405,6.357214934409673,8.692518379703035,-3.063283840276777,,-6.11720124509405,
2011-05-13,1.5208303301138755,-0.6034788782392616,3.287184948526798,-1.1146609868654629,,1.5208303301138755,
2011-05-16,-4.004259850905225,3.971599733747508,4.282227645884188,-0.5990681162635834,,-4.004259850905225,
2011-05-17,3.727534945640122,-2.3172905525846703,1.5828877005347626,-4.527629233511586,,3.727534945640122,
2011-05-18,-2.6381461675579323,3.1856462834126695,3.2588795313072136,-0.5053094104723611,,-2.6381461675579323,
2011-05-19,2.153057488099604,-1.498315291418746,1.4839773460462984,-1.8926087891605197,,2.153057488099604,
2011-05-20,1.7348913900637908,-1.3459234726234874,1.4304841096469723,-1.4868578676625968,,1.7348913900637908,
2011-05-23,0.9794940455218161,-1.5980460572226165,1.7445917655268668,-1.884159106769016,,0.9794940455218161,
2011-05-24,4.3963712491277045,-4.0909090909090935,0.4545454545454515,-4.0909090909090935,,4.3963712491277045,
2011-05-25,2.339572192513369,-2.1423905943827535,2.0901371652514698,-8.256041802743312,,2.339572192513369,
2011-05-26,7.857609405617241,-6.982377520741231,1.3746744988796733,-8.139041966935135,,7.857609405617241,
2011-05-27,1.2898928117240935,-1.9490613416238138,1.5066363745067586,-6.732033959105579,,1.2898928117240935,
2011-05-30,-0.16740404161185907,0.6108515989938943,2.5571924781410975,-1.6648700443166817,,-0.16740404161185907,
2011-05-31,0.5868966343274616,-0.33341271731364075,1.6551559895213255,-0.9287925696594374,,0.5868966343274616,
2011-06-01,1.006191950464402,-0.8429118773946334,1.6209843796050691,-1.2083701738874153,,1.006191950464402,
2011-06-02,-3.501326259946955,-1.0445299615173118,2.86482194123756,-1.2705393683953303,,-3.501326259946955,
2011-06-03,0.9590128886445572,-1.0164569215876063,2.2507260406582796,-1.0164569215876063,,0.9590128886445572,
2011-06-06,-1.7787996127783072,2.3777257607490396,2.3777257607490396,-0.5112726376740288,,-1.7787996127783072,
2011-06-07,1.0471849205371442,-1.0363326018044379,2.023896610582774,-1.2618873445501124,,1.0471849205371442,
2011-06-08,-0.26822726164350713,0.4889975550122249,1.4425427872860581,-0.4889975550122249,,-0.26822726164350713,
2011-06-09,-0.7701711491442488,1.2689417272391221,1.7124553406430918,-0.4558334359985272,,-0.7701711491442488,
2011-06-10,-1.4660588887520132,1.8629657414353702,2.4506126531632937,-0.6751687921980467,,-1.4660588887520132,
2011-06-13,-2.17554388597149,2.505112474437631,2.786298568507166,-0.28118609406952094,,-2.17554388597149,
2011-06-14,4.058026584867076,-3.5681385494073523,1.2098507646011205,-3.5681385494073523,,4.058026584867076,
2011-06-15,1.1545783946447186,-0.5160585271082508,1.736385161799535,-0.6435553396879309,,1.1545783946447186,
2011-06-16,-3.5395543682836474,3.6694360523665632,3.8519637462235683,-0.9315206445115782,,-3.5395543682836474,
2011-06-17,0.6168177240684765,-0.38158388590015696,2.2144376329288185,-0.41286125359689163,,0.6168177240684765,
2011-06-20,-1.7202552233204056,2.4759722487429245,3.729870791165434,-2.3359429698936935,,-1.7202552233204056,
2011-06-21,1.4830373623575956,-0.2759658805820428,1.5240842950326112,-1.2669342699448096,,1.4830373623575956,
2011-06-22,0.715002508780724,0.3175987046954874,1.033752646655881,-0.8593847303524695,,0.715002508780724,
2011-06-23,0.25532444887284445,0.006211565935766758,0.61494502764146,-1.7330268960805073,,0.25532444887284445,
2011-06-24,-0.08696192310081935,0.7149518184644078,1.6847995026422078,-0.6154802611128437,,-0.08696192310081935,
2011-06-27,1.2682623562325204,-1.5654736325127385,1.0190926392043653,-2.7564614156792984,,1.2682623562325204,
2011-06-28,4.892872490637842,-4.132037925787189,2.481563853447272,-4.132037925787189,,4.892872490637842,
2011-06-29,4.957274961957161,-4.0874365694529615,1.198907042881838,-4.176657558690675,,4.957274961957161,
2011-06-30,5.871856354207325,-4.561255662066781,1.116612240598338,-4.877277994311593,,5.871856354207325,
2011-07-01,-9.048772779943114,10.145934676858932,11.1072504053741,-0.9728978457261962,,-9.048772779943114,
2011-07-04,-5.339356034283069,10.118683469962077,10.118683469962077,-0.770830784289729,,-5.339356034283069,
2011-07-05,2.0494310534687386,-1.6725615970265493,1.660571908158986,-2.164138840597081,,2.0494310534687386,
2011-07-06,0.8452730651639672,-1.4385923195815031,1.9736059921531355,-2.2232790393532333,,0.8452730651639672,
2011-07-07,-0.7252407561526599,0.5988023952095809,2.389221556886233,-0.3473053892215542,,-0.7252407561526599,
2011-07-08,1.7724550898203537,-1.1532125205930754,1.8592610025888527,-1.3591433278418399,,1.7724550898203537,
2011-07-11,-0.11767474699929396,0.7304429783223428,2.497643732327998,-0.9189443920829354,,-0.11767474699929396,
2011-07-12,-1.5551366635249686,1.2446146481570102,2.908089995213015,-1.2685495452369582,,-1.5551366635249686,
2011-07-13,4.098851124940163,-3.190205207794447,0.5748117491521526,-3.425878024946838,,4.098851124940163,
2011-07-14,-0.6265448065758517,-0.04627487274409733,0.7635354002776519,-0.8560851457658466,,-0.6265448065758517,
2011-07-15,3.8292457195742737,-12.423398328690807,1.6044568245125321,-12.423398328690807,,3.8292457195742737,
2011-07-18,-1.2423398328690782,1.100016923337282,1.7882326394765071,-3.525695267106673,,-1.2423398328690782,
2011-07-19,3.0405595983527873,-2.551187999562023,0.5419905835979465,-2.7428008321471538,,3.0405595983527873,
2011-07-20,-4.062192050804764,4.4339191965304625,5.1985847979913204,-0.5364072129650816,,-4.062192050804764,
2011-07-21,-1.3296051129879127,1.2087213000983223,3.5047134347348416,-0.526285350760506,,-1.3296051129879127,
2011-07-22,0.6188190388063181,1.3909644786757125,2.425566157029546,-0.5517875617887061,,0.6188190388063181,
2011-07-25,0.6035176457064031,-0.017139918871048078,1.1198080329086522,-0.5770439353253676,,0.6035176457064031,
2011-07-26,-0.8341427183911277,1.8378752088494477,1.9012502160511608,-0.6222273434349227,,-0.8341427183911277,
2011-07-27,-0.4954773290315225,0.7469167969428575,1.6733252272595736,-0.4110937409530374,,-0.4954773290315225,
2011-07-28,-0.011580105378948418,-0.4343042446001506,2.3799872604088197,-0.4343042446001506,,-0.011580105378948418,
2011-07-29,-1.2681683942324449,1.5249266862170088,2.0879765395894374,-0.7272727272727326,,-1.2681683942324449,
2011-08-01,4.604105571847508,-3.5604149144939727,0.6672273619287968,-3.8856181665264904,,4.604105571847508,
2011-08-02,-1.9512195121951195,1.90427174472465,3.042259964545093,-1.5897523874878454,,-1.9512195121951195,
2011-08-03,-4.826442500142968,3.827434957639851,4.272066334194564,-1.0995613771555581,,-4.826442500142968,
2011-08-04,-2.7519077089467014,3.5526722273710223,4.034599938214393,-0.5189990732159463,,-2.7519077089467014,
2011-08-05,-5.023169601482852,0.4423627374447017,1.483216237314595,-7.494145199063235,,-5.023169601482852,
2011-08-08,-0.7676294561540433,-2.976268519732535,2.130588698046414,-4.9691884095974945,,-0.7676294561540433,
2011-08-09,0.14422446571389919,-1.8067556952081638,1.3026970411102443,-5.570830060225184,,0.14422446571389919,
2011-08-10,8.012568735271019,-3.151515151515152,0.775757575757573,-5.521212121212116,,8.012568735271019,
2011-08-11,-4.581818181818177,6.707317073170725,6.707317073170725,-0.7876016260162658,,-4.581818181818177,
2011-08-12,8.199949186991864,-5.958321103610214,2.142647490460816,-5.958321103610214,,8.199949186991864,
2011-08-16,6.469034341062521,-5.723107459888623,0.733307603241989,-5.723107459888623,,6.469034341062521,
2011-08-17,4.537685394497434,-3.481012658227848,0.6329113924050633,-5.5485232067510575,,4.537685394497434,
2011-08-18,-2.9588607594936662,2.396869395075814,4.163269742920805,-0.6685145931844221,,-2.9588607594936662,
2011-08-19,1.6033480080439155,-2.2146143147534016,1.1019578474376757,-6.215898149138764,,1.6033480080439155,
2011-08-22,-0.20327377768268864,1.5115780445969151,2.0583190394511197,-1.5866209262435629,,-0.20327377768268864,
2011-08-23,0.9809176672384318,-0.33441265459951064,3.232655661128503,-4.336748235044325,,0.9809176672384318,
2011-08-24,-2.9035511439036066,2.6678329324294747,4.182156133828996,-1.1261753772140901,,-2.9035511439036066,
2011-08-25,2.137546468401482,-1.4076968366964597,0.7761066209923461,-2.3711395386179923,,2.137546468401482,
2011-08-26,0.6048279184285155,0.021281123643333205,1.4577569695679982,-2.2132368589061455,,0.6048279184285155,
2011-08-29,-0.005320280910827253,0.026602819898909287,2.415536046820968,-1.0694333599361485,,-0.005320280910827253,
2011-08-30,0.4894918861399333,-0.1217768835707076,1.1754116588129426,-0.9900990099009925,,0.4894918861399333,
2011-09-02,5.945888706517708,-5.247376311844078,0.6996501749125438,-5.547226386806597,,5.945888706517708,
2011-09-05,0.42978510744627235,-0.9753184713375751,1.3136942675159282,-1.73168789808917,,0.42978510744627235,
2011-09-06,-0.9554140127388444,0.8842443729903491,2.6728295819935597,-4.3408360128617405,,-0.9554140127388444,
2011-09-07,-3.813303858520905,4.7688691564377095,4.988247584225646,-0.9610864455471451,,-3.813303858520905,
2011-09-08,-3.1183076521284954,3.5152037955574746,3.730860470131553,-0.4744446840629693,,-3.1183076521284954,
2011-09-09,-1.4341168859176143,1.5206213762170415,3.7085658024286157,-1.2690077672027156,,-1.4341168859176143,
2011-09-12,-6.148123837654528,5.245366592842989,5.72327777130202,-1.2472316120759916,,-6.148123837654528,
2011-09-13,1.8883319734234814,-0.9266674293559115,1.8190138428097444,-2.213705525683563,,1.8883319734234814,
2011-09-14,1.1325935247683305,-1.0746606334841629,0.44683257918552555,-3.0599547511312166,,1.1325935247683305,
2011-09-15,4.1119909502262475,-3.2976584994838944,0.505242570761121,-3.2976584994838944,,4.1119909502262475,
2011-09-16,-1.4288042592491963,1.9620811287477904,3.080908289241615,-0.5731922398589115,,-1.4288042592491963,
2011-09-19,-2.1935626102292867,2.220218640820472,2.220218640820472,-0.9354220669446585,,-2.1935626102292867,
2011-09-20,3.0880198354558877,-2.7823330053569526,0.5356947633103725,-2.918989832732048,,3.0880198354558877,
2011-09-21,-1.9951896796763964,2.2589101455742093,2.403926599364153,-0.48524736460483264,,-1.9951896796763964,
2011-09-22,-2.3481510402141854,2.3532099611606148,2.3532099611606148,-1.15946995659127,,-2.3481510402141854,
2011-09-23,1.5078821110349607,-1.6430339860454672,1.2266486608147622,-2.3857753769975294,,1.5078821110349607,
2011-09-26,-0.9396803961287444,1.7040613462084635,2.1755183186594693,-3.095711445612042,,-0.9396803961287444,
2011-09-27,2.8571428571428545,-1.7009056770488158,2.1647890435166803,-1.7009056770488158,,2.8571428571428545,
2011-09-28,-3.8767395626242567,4.561645409628869,5.004021601746532,-0.37917959324370387,,-3.8767395626242567,
2011-09-29,-5.210846834424901,5.218498090793376,5.460937026486448,-1.551609188435671,,-5.210846834424901,
2011-09-30,-3.8184132371658888,4.10233789148654,5.9550066166740185,-1.978700611254653,,-3.8184132371658888,
2011-10-03,-4.9782594996534115,6.10783208435572,6.10783208435572,-2.6460640626036267,,-4.9782594996534115,
2011-10-04,-11.393328470057709,8.524811017139443,12.416735274305823,-5.22415986827333,,-11.393328470057709,
2011-10-05,-1.4445026569867492,1.7618469015795903,6.272782503037677,-0.9720534629404584,,-1.4445026569867492,
2011-10-07,7.062575941676792,-5.433394807774146,0.6525748333096926,-5.433394807774146,,7.062575941676792,
2011-10-10,7.000993048659387,-6.397083195227046,0.7358302949950222,-6.516407026847859,,7.000993048659387,
2011-10-11,9.022207490884979,-6.360209169402889,0.6202116016052563,-7.570229843122949,,9.022207490884979,
2011-10-12,9.576796789492887,-7.330336829254754,0.9932856112313463,-8.773098052272346,,9.576796789492887,
2011-10-13,-0.16092336718272368,0.1611827478879426,2.1565140062249863,-3.0457981325033323,,-0.16092336718272368,
2011-10-14,-3.1013783903957286,2.787656303774229,2.787656303774229,-0.9349546862452783,,-3.1013783903957286,
2011-10-17,3.0228289549156715,-3.123434107232332,2.1268303546573155,-3.123434107232332,,3.0228289549156715,
2011-10-18,-1.263849451589545,-0.19172211570994083,0.5977218901545003,-1.7029434983647258,,-1.263849451589545,
2011-10-19,0.8740272922070599,-0.27391134216558166,1.7384985186427362,-0.4975124378109503,,0.8740272922070599,
2011-10-20,-3.985689529878706,3.516534699580816,4.331625523986964,-1.362366092221697,,-3.985689529878706,
2011-10-21,-2.683977643223097,3.499850433742148,4.660484594675447,-0.3769069697876132,,-2.683977643223097,
2011-10-24,0.7717618905175047,1.40109237710757,2.7962479221087575,-0.8549038233198818,,0.7717618905175047,
2011-10-25,0.5343148895749228,0.26573756938703197,1.399551198771691,-3.247903625841502,,0.5343148895749228,
2011-10-26,1.293256171016881,-0.7753745700460535,0.4955401387512388,-1.125167609164575,,1.293256171016881,
2011-10-28,-1.8947122952253252,3.399096743522703,4.468742571903973,-1.022106013786549,,-1.8947122952253252,
2011-10-31,-3.1079153791300187,2.422569763876112,4.7163446795461565,-0.8770315854032478,,-3.1079153791300187,
2011-11-01,1.1591536338546513,-0.8184794470716624,0.6365951255001818,-3.3406087061962007,,1.1591536338546513,
2011-11-02,0.612343882623979,-1.0545344983428744,1.6932811087676956,-2.1512503766194664,,0.612343882623979,
2011-11-03,-1.8137993371497383,4.332883269915301,5.805818092549399,-0.8223886093040438,,-1.8137993371497383,
2011-11-04,-0.6873695838959154,1.4089729328883918,1.7550364602644828,-1.4460511679644106,,-0.6873695838959154,
2011-11-08,-0.44493882091212733,0.5586592178770949,1.7008069522036058,-0.6765983860955984,,-0.44493882091212733,
2011-11-09,-0.8876474239602703,1.2087430325045379,1.979081856328672,-0.29435711154255934,,-0.8876474239602703,
2011-11-11,-3.0312519571616514,2.8224504295033293,3.868759284376419,-1.569463282309627,,-3.0312519571616514,
2011-11-14,-3.765420138216105,5.382550335570473,5.986577181208057,-0.7583892617449633,,-3.765420138216105,
2011-11-15,-1.6845637583892556,1.1673151750972701,3.945661819919445,-1.0171342753771648,,-1.6845637583892556,
2011-11-16,4.9218376681002045,-4.6909564085881525,1.8802862719583664,-6.636304489264802,,4.9218376681002045,
2011-11-17,1.014964216005199,-1.4427412082957531,2.151230194512437,-1.7132551848512114,,1.014964216005199,
2011-11-18,2.0095323972691,-2.5823967672685857,1.4016921328450591,-5.922464957696676,,2.0095323972691,
2011-11-21,-3.8199267584290943,3.5908882032429625,3.5908882032429625,-1.0175277358366703,,-3.8199267584290943,
2011-11-22,-2.737477844154142,3.4017278617710645,4.171166306695477,-3.1182505399567915,,-2.737477844154142,
2011-11-23,2.5580453563714967,-2.599539322145443,0.6252056597564989,-4.593616321158272,,2.5580453563714967,
2011-11-24,-0.9345179335307697,1.1094134059655913,1.5345778250182778,-2.1125357071680035,,-0.9345179335307697,
2011-11-25,1.5677937952567684,-1.6286218850153764,1.3800771796716533,-2.930211262999554,,1.5677937952567684,
2011-11-28,1.3866178298122713,-0.6515708663957106,1.1418618153667535,-0.8838139474872472,,1.3866178298122713,
2011-11-29,-1.5547384039739314,2.0969855832241153,4.456094364351245,-0.6880733944954129,,-1.5547384039739314,
2011-11-30,0.8977719528178274,-1.8639994804182662,1.4743131778918002,-2.727804117685263,,0.8977719528178274,
2011-12-01,3.1109956485029464,-1.1085915847820553,2.0030234315948716,-1.2597631645250693,,3.1109956485029464,
2011-12-02,4.541446208112884,-4.036874133879617,1.8256311381574957,-5.404591191179131,,4.541446208112884,
2011-12-05,2.783635596794604,-2.6906618207397908,0.4748226742481921,-2.6906618207397908,,2.783635596794604,
2011-12-07,-3.564101061023517,3.9268129596985073,4.376633639292445,-0.31001154944987597,,-3.564101061023517,
2011-12-08,-2.0241930581727527,2.990445464697856,3.604665591264433,-0.7010795384042657,,-2.0241930581727527,
2011-12-09,-4.212681474128296,3.4587732366085797,3.4587732366085797,-0.770775309281695,,-4.212681474128296,
2011-12-12,-3.1090096508841243,4.285045791830998,5.220937228424353,-0.6350691891169196,,-3.1090096508841243,
2011-12-13,-0.4144662076342032,0.6914143787339703,1.496945693763842,-4.678794388131841,,-0.4144662076342032,
2011-12-14,-0.1946700677988918,-0.4439063761097598,3.1476997578692463,-0.7263922518159777,,-0.1946700677988918,
2011-12-15,4.553403282216845,-6.079125120617562,0.6111289803795433,-6.5808941781923425,,4.553403282216845,
2011-12-16,-3.100675458346738,3.578304454623919,5.994821748655643,-0.949346079798178,,-3.100675458346738,
2011-12-19,0.438159729137631,-0.8526670632560044,1.5929671491836808,-3.205763764954723,,0.438159729137631,
2011-12-20,-5.962059620596208,6.41737541294721,7.921557601743167,-1.8767132916285967,,-5.962059620596208,
2011-12-21,4.3649399030013285,-1.6837284482758623,0.4714439655172414,-2.8825431034482727,,4.3649399030013285,
2011-12-22,7.4420797413793105,-7.2274807246285935,3.1530119726697143,-8.593994859900954,,7.4420797413793105,
2011-12-23,-4.431768319438353,4.683195592286507,5.60146923783288,-0.7870916961826053,,-4.431768319438353,
2011-12-26,1.2855831037649308,-0.2719854941069839,1.6642921901308152,-0.848335707809878,,1.2855831037649308,
2011-12-27,-0.8224323274187311,1.3189683317009497,2.122102513875286,-1.2014365001632448,,-0.8224323274187311,
2011-12-28,-1.880509304603327,1.1512610634191758,1.9098955213948257,-1.2444266986091732,,-1.880509304603327,
2011-12-29,2.568709655952613,-3.9771621358593365,0.8239797573476966,-3.9771621358593365,,2.568709655952613,
2011-12-30,-2.1734899111139945,2.1355617455896034,3.554848123093258,-0.5173099880620742,,-2.1734899111139945,
2012-01-02,-0.3647698633771057,0.6456766291686112,1.4977035212673901,-1.2048192771084276,,-0.3647698633771057,
2012-01-03,0.299540704253478,-0.4512874966817066,1.2609503583753652,-1.380408813379344,,0.299540704253478,
2012-01-04,0.7300238916910009,-0.5139016998286964,1.8315983660561308,-0.8960337330346494,,0.7300238916910009,
2012-01-05,-1.0739227829753561,1.3919413919413979,2.564102564102564,-0.6993006993006993,,-1.0739227829753561,
2012-01-06,0.1931401931401992,-0.5583621377293333,0.9904280776389166,-0.9571922361074242,,0.1931401931401992,
2012-01-07,-0.09970752459452273,0.20626788209461103,0.5256504092088538,-0.1996140794464036,,-0.09970752459452273,
2012-01-09,-1.6368354514605186,1.6437800175877666,2.2322938510451196,-0.9673273354528821,,-1.6368354514605186,
2012-01-10,5.235743759724014,-3.753937134408954,0.5592337854342125,-4.4417304107475815,,5.235743759724014,
2012-01-11,1.0220479526900985,-0.10180707559174784,1.7434461695087868,-1.7688979384067165,,1.0220479526900985,
2012-01-12,0.09544413336726902,-0.32420062297374036,2.396541860021616,-1.455724365901714,,0.09544413336726902,
2012-01-13,-0.6039031212256055,1.0488616014325973,1.9058582757738667,-0.8250191864927003,,-0.6039031212256055,
2012-01-16,-0.2814018930672719,-1.0903027193432528,1.641867624422775,-1.2314007183170887,,-0.2814018930672719,
2012-01-17,6.734222678296563,-5.726475183271239,0.7691383247205837,-5.744501862756888,,6.734222678296563,
2012-01-18,-3.1546689099867806,4.237761369982004,4.237761369982004,-0.7135322950921387,,-3.1546689099867806,
2012-01-19,4.070236396351672,-3.3088892863530672,0.7571692601204344,-3.3088892863530672,,4.070236396351672,
2012-01-20,-0.47099505157096905,1.2219959266802363,3.198754043368867,-1.3897208577932216,,-0.47099505157096905,
2012-01-23,-1.2639271594584962,-0.12740399199174357,1.401443911909248,-1.0495662197415492,,-1.2639271594584962,
2012-01-24,5.144694533762055,-4.217875483238124,0.9058911776585337,-4.442905775777509,,5.144694533762055,
2012-01-25,0.31158040505453183,-0.12654587287892122,1.2309462180040316,-1.5243025596778832,,0.31158040505453183,
2012-01-27,-1.5415588150704604,1.8052228778407353,2.237541625284802,-0.8587953496523949,,-1.5415588150704604,
2012-01-30,5.649354442951454,-5.551869055518695,1.17230701172306,-6.751824817518255,,5.649354442951454,
2012-01-31,3.964830789648298,-3.196638476676768,0.526567735758741,-5.324184883782773,,3.964830789648298,
2012-02-01,-0.6542205201850942,0.653174858121857,1.4509048077952744,-1.2742263625655827,,-0.6542205201850942,
2012-02-02,-0.7763143805546633,0.9010953434414313,2.9514919333081555,-0.70684724545405,,-0.7763143805546633,
2012-02-03,4.942534937678743,-4.684045452208347,1.136305208494005,-4.684045452208347,,4.942534937678743,
2012-02-06,-0.025708262635611087,0.8023040526640561,1.8206130425838234,-1.152026332030451,,-0.025708262635611087,
2012-02-07,-5.42583830487554,6.0416553374299795,6.911740714557611,-1.011474250910878,,-5.42583830487554,
2012-02-08,3.039860786339652,-2.6124129195693477,2.5965801139962026,-2.7865737808739683,,3.039860786339652,
2012-02-09,8.829427907958621,-10.673585180156147,1.6876000193977103,-10.770573687018084,,8.829427907958621,
2012-02-10,-2.812666698996169,2.789281971957492,4.785190359762492,-1.0478519035976248,,-2.812666698996169,
2012-02-13,-0.12973404520732046,0.6894828878341221,2.1234074444166877,-1.5738196352735447,,-0.12973404520732046,
2012-02-14,0.284786410192358,0.06974890394578834,2.6305300916699856,-0.8320047827819871,,0.284786410192358,
2012-02-15,1.2056596253487468,-0.45288963276558264,1.3439007580978501,-0.4922713399625874,,1.2056596253487468,
2012-02-16,1.5260411538840208,-1.7552366175329732,2.6958882854926256,-2.0413110938712244,,1.5260411538840208,
2012-02-17,-3.195306439100082,4.417731029301268,4.75331830703732,-0.9216128224392732,,-3.195306439100082,
2012-02-21,0.7362885048835485,-0.059665871121720636,0.984486873508351,-1.8993635640413706,,0.7362885048835485,
2012-02-22,-3.644590294351629,4.246865163321118,4.928014861447958,-1.3313380463388296,,-3.644590294351629,
2012-02-23,3.8495278394137937,-4.099378881987578,3.2944099378882075,-6.583850931677018,,3.8495278394137937,
2012-02-24,0.1937888198757809,0.7736560206308226,2.975600079349335,-1.3985320372941898,,0.1937888198757809,
2012-02-27,0.3521126760563335,-1.1613540894489744,4.571287373362985,-2.149740548554485,,0.3521126760563335,
2012-02-28,0.1729676303434643,0.8288110508140087,1.6280217069560927,-0.39467192895905284,,0.1729676303434643,
2012-02-29,2.688702516033547,-1.9937545039634879,1.177035791496517,-2.2820081671871244,,2.688702516033547,
2012-03-01,-3.108335335094886,2.737009123363747,7.278857596191986,-1.1305037683458923,,-3.108335335094886,
2012-03-02,-4.556723522411735,6.914644916619041,11.17460647306353,-1.2831835420021842,,-4.556723522411735,
2012-03-03,0.25975375344173723,-0.5129799471475253,1.0415047411782947,-0.927509197367744,,0.25975375344173723,
2012-03-05,-2.0311933260790735,1.5496905907864786,2.184376156978894,-3.2104511556566373,,-2.0311933260790735,
2012-03-06,1.153012111916219,-1.1764705882352942,1.5790849673202638,-2.0235294117647085,,1.153012111916219,
2012-03-07,-0.6379084967320285,-0.015786981002997132,1.5418618112929514,-2.5890648844919246,,-0.6379084967320285,
2012-03-09,6.725253907277796,-5.330111927419749,0.5768946304422882,-5.818253537793995,,6.725253907277796,
2012-03-12,4.531334746807361,-4.622641509433962,0.4433962264150986,-6.405660377358488,,4.531334746807361,
2012-03-13,0.02830188679244854,0.44327077242290347,1.6504762802980288,-2.6360464019617136,,0.02830188679244854,
2012-03-14,2.8388192021126226,-2.51283932501835,0.7887013939838508,-2.51283932501835,,2.8388192021126226,
2012-03-15,0.10088041085839224,-0.1374255611543747,1.2047640861200266,-1.8644067796610087,,0.10088041085839224,
2012-03-16,-1.287219422812639,1.5963617801290124,2.2785280059399464,-0.9698825931597795,,-1.287219422812639,
2012-03-19,-1.5313935681470139,4.717470191809223,6.0370422734341815,-5.7448513125029494,,-1.5313935681470139,
2012-03-20,-2.0170601819124454,2.1595882833918565,2.90991294310038,-1.207253138377178,,-2.0170601819124454,
2012-03-21,6.801019671973455,-6.417473541995046,1.2744877279891997,-7.228101778878631,,6.801019671973455,
2012-03-22,0.3647827065976091,-0.8346046845553222,2.351251907026837,-0.8346046845553222,,0.3647827065976091,
2012-03-23,1.5974154177510504,-1.5987986926949835,1.006978182139395,-1.5987986926949835,,1.5974154177510504,
2012-03-26,-0.9009804787562777,1.0696140475978249,1.3191906587039801,-1.6801853997682623,,-0.9009804787562777,
2012-03-27,-0.5303502986005922,1.527846229669784,1.9086876652179716,-2.7017339486536214,,-0.5303502986005922,
2012-03-28,-3.3514046328240594,2.9159519725557503,2.9159519725557503,-0.92253488479904,,-3.3514046328240594,
2012-03-29,0.16689073292846457,-1.2357106493265988,1.0783542370528154,-2.142824084787325,,0.16689073292846457,
2012-03-30,8.12699588096452,-7.54611993322776,1.7848735179557342,-7.54611993322776,,8.12699588096452,
2012-04-02,2.259983734965532,-1.2180318948557998,1.293374073919053,-3.478297266753167,,2.259983734965532,
2012-04-03,0.36415386547236506,0.1751605638501884,1.968471098506957,-1.038451914254737,,0.36415386547236506,
2012-04-04,-1.105179748102427,-0.6241302239278109,0.788596972124987,-1.2735630245013398,,-1.105179748102427,
2012-04-09,-1.0036688736136372,0.9584664536741214,2.781682641107569,-0.6517571884984104,,-1.0036688736136372,
2012-04-10,-0.3663471778487714,1.1586643293856047,1.1586643293856047,-0.8850314250288713,,-0.3663471778487714,
2012-04-11,-2.522553337038779,1.8465722180797364,1.9474538356945519,-1.1360147374884904,,-2.522553337038779,
2012-04-12,-1.4342734330453208,1.468494126023496,4.258632965468151,-0.734247063011748,,-1.4342734330453208,
2012-04-13,1.2637949448202248,-1.1249780277728911,1.0722446827210446,-1.740200386711193,,1.2637949448202248,
2012-04-16,1.3447002988222847,-1.561009452779464,0.8889081606105282,-2.0423207007197948,,1.3447002988222847,
2012-04-17,-0.03468909895064293,0.3730372169688518,0.8545154853821383,-1.5355252884532007,,-0.03468909895064293,
2012-04-18,1.349006679968765,2.289749625508239,7.2544404023111495,-0.8773806976246523,,1.349006679968765,
2012-04-19,-0.7061844639417934,1.2629310344827664,1.58189655172413,-0.478448275862065,,-0.7061844639417934,
2012-04-20,-1.728448275862065,1.7588490723277297,1.9430676784069356,-0.776349839905271,,-1.728448275862065,
2012-04-23,-1.0088161761480765,1.20076210731534,2.2641676636093715,-0.9703575701183079,,-1.0088161761480765,
2012-04-24,0.7621073153440479,-0.3298008003166088,0.6947803526669971,-3.478299107339163,,0.7621073153440479,
2012-04-25,2.998988610879041,-2.689664005464714,1.9510737309482056,-2.9244759424497286,,2.998988610879041,
2012-04-26,0.33727532766936924,0.4169857884435445,1.7658071653476302,-2.2210875670155654,,0.33727532766936924,
2012-04-27,0.5361245851417056,-0.03385813441680133,0.8887760284408328,-1.2188928390045783,,0.5361245851417056,
2012-04-28,-0.17775520568817813,0.2289493767489227,0.5681336385991729,-0.3603832782158908,,-0.17775520568817813,
2012-04-30,0.30950563893836097,0.1268016399678769,0.7312227904814119,-1.5512067289403724,,0.30950563893836097,
2012-05-02,0.06762754131619718,0.1900739176346357,1.9978880675818451,-0.6546990496304118,,0.06762754131619718,
2012-05-03,-4.6927138331573355,4.600248182946274,4.600248182946274,-0.6248892040418325,,-4.6927138331573355,
2012-05-04,-2.7743307924126888,2.4432491567143724,2.4432491567143724,-1.2672075850123155,,-2.7743307924126888,
2012-05-07,1.0575257543987517,-1.2178619756427604,1.0374379792512405,-3.924221921515562,,1.0575257543987517,
2012-05-08,-2.580063148398729,2.6020927863690995,4.824520788961932,-1.0093527178442532,,-2.580063148398729,
2012-05-09,-0.8565607926659875,0.3782748797459444,1.9007145192172892,-2.461121748470568,,-0.8565607926659875,
2012-05-10,-1.8446737962919721,3.611190408221507,4.020363497954134,-1.4178323341897507,,-1.8446737962919721,
2012-05-11,7.664858692549238,-6.1381413230810065,1.3699235494277255,-9.850192231207746,,7.664858692549238,
2012-05-14,1.6571655839851516,-1.3215093027299638,2.1561467570857205,-2.62128325508608,,1.6571655839851516,
2012-05-15,-0.03477656059816475,-0.24352061228039265,0.8784136371542995,-2.935293094451209,,-0.03477656059816475,
2012-05-16,2.5569664289441723,-2.900271370420628,0.49185888738127154,-4.002713704206245,,2.5569664289441723,
2012-05-17,-3.9772727272727346,4.28331714210015,5.329859577850405,-0.9096529188377599,,-3.9772727272727346,
2012-05-18,0.627042303276529,-1.7026505178164026,0.9303142004563725,-3.2692645251886954,,0.627042303276529,
2012-05-21,-0.4476040021063837,0.5025125628140743,1.55602574274884,-0.872784977519163,,-0.4476040021063837,
2012-05-22,-0.11020012342413824,0.6089757733551115,1.6459997352279327,-0.6972331318123528,,-0.11020012342413824,
2012-05-23,3.0713560743126918,-3.2281543006379088,0.5094832384295968,-4.259964892751638,,3.0713560743126918,
2012-05-24,0.33394699661772415,-0.5760614465542991,1.122253040324309,-1.6172391721783697,,0.33394699661772415,
2012-05-25,5.888628120332835,-5.7021962522667735,0.9067096514205117,-6.097118678218827,,5.888628120332835,
2012-05-28,6.089059036872856,-4.6569930866823634,1.4206487882701548,-5.416698321051429,,6.089059036872856,
2012-05-29,-1.7131353035022376,2.206763285024151,2.99130434782609,-0.6376811594202898,,-1.7131353035022376,
2012-05-30,-2.554589371980673,2.1416673276751013,3.5139208376298843,-0.29348774490362856,,-2.554589371980673,
2012-05-31,1.3444911557071504,-1.772785974249606,0.49700622236135944,-2.5280788948460207,,1.3444911557071504,
2012-06-01,-3.490783860994805,3.3778030087993267,3.8076314829082394,-0.6123028263249629,,-3.490783860994805,
2012-06-04,-6.743441060784224,5.73093312461952,6.504913470736581,-1.5740499173841322,,-6.743441060784224,
2012-06-05,2.735020436559685,-2.3701697210818136,1.1131332797223594,-2.5775595716764568,,2.735020436559685,
2012-06-06,0.8718838616836824,-0.5244828599001384,1.1119036629882935,-3.3818654806361077,,0.8718838616836824,
2012-06-07,0.793018084168994,-0.09158271584380227,1.4819748563816653,-1.7525601531929027,,0.793018084168994,
2012-06-08,0.39963366913663995,0.00829256157226213,0.9204743345219263,-2.0980180777842423,,0.39963366913663995,
2012-06-11,1.6543660336677848,-1.2929803809601428,1.8354611086185098,-1.7008606273198117,,1.6543660336677848,
2012-06-12,2.031243626871158,-2.050769538277041,1.1393164101539077,-2.4585248850689587,,2.031243626871158,
2012-06-13,0.14791125324804388,-0.20756825802330428,1.2773431262973016,-0.7224972058119076,,0.14791125324804388,
2012-06-14,-1.6445792751077688,1.461038961038961,2.5689935064935137,-0.3206168831168868,,-1.6445792751077688,
2012-06-15,-1.2297077922077995,1.253235813781485,2.2640424045691896,-1.1998192053252177,,-1.2297077922077995,
2012-06-18,-0.8053580967251472,1.4870966405699884,2.721511122157337,-1.532662275796363,,-0.8053580967251472,
2012-06-19,-0.3231017770597625,0.9849145991771523,1.5584091759132277,-0.9849145991771712,,-0.3231017770597625,
2012-06-20,0.7688151934505257,-0.3587924777301333,1.356812933025389,-1.344440778620932,,0.7688151934505257,
2012-06-21,-2.4496865720884236,2.3928299653335547,2.3928299653335547,-1.4965756320284134,,-2.4496865720884236,
2012-06-22,-3.94859220427835,3.2306338028169055,5.228873239436628,-0.9683098591549295,,-3.94859220427835,
2012-06-25,1.0035211267605715,-0.644936377897864,1.4816105978734528,-1.3900993550636258,,1.0035211267605715,
2012-06-26,-1.1635000871535763,1.2521493761298044,2.6409770292315193,-0.798024778448918,,-1.1635000871535763,
2012-06-27,-0.092588510206777,0.264783759929391,1.0105913503971795,-1.5445719329214476,,-0.092588510206777,
2012-06-28,1.354810238305376,-1.249619018591885,0.40492881090260735,-2.033352200984013,,1.354810238305376,
2012-06-29,1.5239256324291377,-0.9306514560192057,0.7676802333061754,-1.1236436934425449,,1.5239256324291377,
2012-07-02,5.013509456619638,-4.194233439516451,0.9148084619782771,-4.410683655966674,,5.013509456619638,
2012-07-03,0.0571755288736458,0.5714285714285714,1.2244897959183674,-0.82448979591836,,0.0571755288736458,
2012-07-04,-0.2775510204081707,0.5893909626719094,1.1255730189914868,-0.9332023575638396,,-0.2775510204081707,
2012-07-05,1.6617550753110826,-1.7070617602061393,0.5435220227071422,-2.0814880425155113,,1.6617550753110826,
2012-07-06,0.028182623399622273,0.22137250955926746,1.1068625477963372,-0.9217146307104083,,0.028182623399622273,
2012-07-09,-0.18917287180518488,0.020162916364222922,1.1371884829421652,-0.6411807403822924,,-0.18917287180518488,
2012-07-10,0.15323816436808319,-0.13689805121598048,0.6603317764535389,-0.7569656949589196,,0.15323816436808319,
2012-07-11,-0.05636978579481764,-0.2175489485134009,1.3536379018612668,-0.3384094754652984,,-0.05636978579481764,
2012-07-12,0.16517605350094125,-0.3418734665969513,0.7923420343482208,-0.8969150947190677,,0.16517605350094125,
2012-07-13,-0.6757028516269228,1.1905243976513502,1.7047985422150196,-0.9516096375784572,,-0.6757028516269228,
2012-07-16,-0.6033610042518766,0.6844292349058984,1.2140470952497426,-0.5948015970015443,,-0.6033610042518766,
2012-07-17,-0.08555365436323267,0.4403669724770716,1.1131498470948087,-0.509683995922528,,-0.08555365436323267,
2012-07-18,0.24464831804281345,-0.06101281269066504,0.22371364653243847,-2.078503152328652,,0.24464831804281345,
2012-07-19,-1.2812690665039659,1.6852080758137655,2.87597857437166,-0.288421920065925,,-1.2812690665039659,
2012-07-20,4.215080346106312,-4.321353734234775,0.8144545921796509,-5.286047523030097,,4.215080346106312,
2012-07-23,-1.9254339145218151,1.9108280254777108,1.9914536805611585,-0.6853180682093042,,-1.9254339145218151,
2012-07-24,-2.4469886317826264,2.6901938096615523,2.971197156907314,-0.30579776023803007,,-2.4469886317826264,
2012-07-25,-1.7480061159552123,1.6150740242261141,1.6613391655450875,-0.8958613728129091,,-1.7480061159552123,
2012-07-26,-4.07553835800808,4.796772920594559,4.928311483316531,-2.4816942166878553,,-4.07553835800808,
2012-07-27,-0.18853860656814694,1.4760147601475975,2.785099279564228,-0.28114566859954715,,-0.18853860656814694,
2012-07-30,-0.6896854682832662,1.3049055602247093,1.6632016632016795,-0.9156455964966524,,-0.6896854682832662,
2012-07-31,-0.5617729021984261,0.996441281138794,1.1654804270462553,-0.7562277580071174,,-0.5617729021984261,
2012-08-01,-0.5693950177936025,1.0916249105225526,3.216714387974235,-0.39817465998566737,,-0.5693950177936025,
2012-08-02,-0.5547602004294755,0.3374122728090696,0.86377541839121,-1.6465718913082759,,-0.5547602004294755,
2012-08-03,1.741047327694791,-2.277249613088658,0.6411673667919522,-2.6309971258014593,,1.741047327694791,
2012-08-06,1.3177094848551927,-0.49316981626151885,1.0779906603238256,-0.49316981626151885,,1.3177094848551927,
2012-08-07,2.059965958189666,-1.6762882189437598,0.34209963651913616,-2.0654265554842928,,2.059965958189666,
2012-08-08,3.2798802651272108,-3.080490228552486,1.3580655846306802,-3.080490228552486,,3.2798802651272108,
2012-08-09,-0.3643590592911447,0.4986702127659574,1.8783244680850988,-1.4295212765957486,,-0.3643590592911447,
2012-08-10,0.19531249999999242,-0.49769814607440593,0.568205383434958,-1.2732777570403475,,0.19531249999999242,
2012-08-13,0.18248932022728592,0.09107845166631413,0.9480438832539885,-1.4696750155247362,,0.18248932022728592,
2012-08-14,-1.0598219830262847,1.0753588016234912,1.8661868697435,-0.7238796602368376,,-1.0598219830262847,
2012-08-16,-2.4729068161847736,3.1405525999656687,3.6339454264630087,-0.46336021966707486,,-2.4729068161847736,
2012-08-17,0.19306675819461128,-0.3125936710486953,1.4858904637519725,-1.597225195906315,,0.19306675819461128,
2012-08-21,-0.2869010405515468,0.48956454522030796,0.9147127029116285,-1.0220733487932545,,-0.2869010405515468,
2012-08-22,-0.2447822726101442,0.1937233630375823,1.8166946489302085,-0.6371346162125008,,-0.2447822726101442,
2012-08-23,0.5940849799819073,0.05135447425858146,0.8259511276586717,-1.125518894166976,,0.5940849799819073,
2012-08-24,-1.3309367912012628,1.0539555863983423,1.2925052047189531,-0.585530881332408,,-1.3309367912012628,
2012-08-27,0.6592643997224269,-0.28007583591864876,0.9996552912788614,-0.603240261978628,,0.6592643997224269,
2012-08-28,0.20251637366424582,0.3655127929477532,0.597720920232212,-1.7845624596860892,,0.20251637366424582,
2012-08-29,-1.075037626316921,1.1953923060204303,1.369267550532493,-1.577917843946976,,-1.075037626316921,
2012-08-30,0.6129102369050167,-1.06281862956882,0.6264581353149573,-1.7497623779486735,,0.6129102369050167,
2012-08-31,1.313401883694811,-1.4925373134328357,1.3219616204690832,-1.4925373134328357,,1.313401883694811,
2012-09-03,1.4029850746268697,-1.69897808991127,1.0723747844736953,-1.7326212204045701,,1.4029850746268697,
2012-09-04,3.301232179654317,-2.5403028822667357,0.47630679042500484,-3.50920045595181,,3.301232179654317,
2012-09-05,-0.008141996417532684,-0.1709958472437024,1.3598241185571247,-1.0341177428548016,,-0.008141996417532684,
2012-09-06,0.42748961810927455,-0.32026594235211564,0.7824218591640728,-1.2243077796245923,,0.42748961810927455,
2012-09-07,0.2716179511087799,0.5902805854289604,1.0552276218969803,-1.1886472062747673,,0.2716179511087799,
2012-09-08,0.40025875313334236,-0.189264285426661,0.6724922482180895,-0.3745016711633786,,0.40025875313334236,
2012-09-10,-0.9302138283735498,1.3129013901308912,1.7803430615397198,-0.4064710186163727,,-0.9302138283735498,
2012-09-11,0.6178359482968976,-0.5413266542781001,0.5898036680940417,-1.191726589642078,,0.6178359482968976,
2012-09-12,-1.022057041286264,1.5999346965430095,1.7917636014856575,-0.7387453573323501,,-1.022057041286264,
2012-09-13,-0.9836333210889314,1.253091508656228,1.71475680131904,-0.4122011541632316,,-0.9836333210889314,
2012-09-14,1.755976916735363,-0.34837559750465485,1.4218585433038933,-1.1585514056550235,,1.755976916735363,
2012-09-17,5.306651543384914,-4.512232651177094,0.4769964609940026,-4.5968610555470075,,5.306651543384914,
2012-09-18,-0.961686413294353,0.7457469121417025,2.462518449467882,-1.3438980812553372,,-0.961686413294353,
2012-09-20,-0.32238017556124166,-0.24548961539960962,1.2430347192455922,-0.9390951954175412,,-0.32238017556124166,
2012-09-21,1.2975879671121742,-0.9424526850284659,1.5079242960455561,-1.5310047699645994,,1.2975879671121742,
2012-09-24,0.6654869979996993,-2.0979020979021015,1.3986013986013952,-2.288967862738358,,0.6654869979996993,
2012-09-25,-0.7527991134548616,1.2320961034960727,1.9636531649468663,-0.7931618666255934,,-0.7527991134548616,
2012-09-26,1.2243955028492293,-1.270445036135416,1.3769494104222069,-1.4796500570559181,,1.2243955028492293,
2012-09-27,2.092050209205021,-2.004470938897175,1.4716840536512668,-2.309985096870343,,2.092050209205021,
2012-09-28,2.28017883755588,-3.467871193355669,1.7776482587789664,-3.467871193355669,,2.28017883755588,
2012-10-01,-1.668366603526145,1.5114469882195942,2.419056086537739,-0.5334518781951578,,-1.668366603526145,
2012-10-03,-1.8633770467511364,1.5439205767996713,2.0724019478313425,-0.3435128911705828,,-1.8633770467511364,
2012-10-04,0.6681514476614803,-0.6262186890655569,2.126143692815352,-2.3548822558872122,,0.6681514476614803,
2012-10-05,-1.5599220038998185,1.9388998933414632,2.7578851135151643,-1.7141551119914673,,-1.5599220038998185,
2012-10-08,-0.6361420082279376,0.6057120950738042,2.1199923327582972,-0.8242284838029518,,-0.6361420082279376,
2012-10-09,2.185163887291547,-1.1142374788970106,0.4689551678859501,-1.5531795160382702,,2.185163887291547,
2012-10-10,0.7015569311573745,-0.7451009611802399,0.9201996870576065,-1.4864764175545653,,0.7015569311573745,
2012-10-11,0.7600029804038482,-0.17008060341639833,0.47326776602825493,-1.6490423722546739,,0.7600029804038482,
2012-10-12,0.8614952303483022,-0.03299241174530192,1.9318889988635881,-1.0117672935224864,,0.8614952303483022,
2012-10-15,-2.2728105868983466,2.0293334333620883,2.179376570764091,-0.4201207847256188,,-2.2728105868983466,
2012-10-16,-0.20630931392775423,-1.864381296045704,1.638851300556304,-1.864381296045704,,-0.20630931392775423,
2012-10-17,-1.037437979251237,1.9219082345791516,2.1725919173503425,-0.7710422364023162,,-1.037437979251237,
2012-10-18,0.4671832269826697,-0.34403236172545115,0.41208271898983373,-1.705039507012964,,0.4671832269826697,
2012-10-19,-1.1530754980908096,0.9714679109615272,1.950585175552666,-0.47043524822151483,,-1.1530754980908096,
2012-10-22,-1.3615849460720535,1.2485459480418697,1.3105854982551446,-0.8142690965490499,,-1.3615849460720535,
2012-10-23,-1.6595579682047377,1.1000709723207986,1.762479299739779,-0.3430328838419611,,-1.6595579682047377,
2012-10-25,-0.8674394763819889,0.628430514676644,1.0261713467504647,-1.9290430355580306,,-0.8674394763819889,
2012-10-26,0.5091082650544978,-0.5144440047487139,1.3850415512465373,-0.7558369608231068,,0.5091082650544978,
2012-10-29,2.030075187969932,-1.2294923011286611,0.45378737928091445,-1.9819260753209618,,2.030075187969932,
2012-10-30,-1.6212232866617609,1.8963138182534953,2.503449635324266,-0.5716538537354623,,-1.6212232866617609,
2012-10-31,-0.42972600039424763,0.8908774152676592,0.9463097877732061,-1.1917960088691761,,-0.42972600039424763,
2012-11-01,3.314063984795703,-2.885831449047644,0.24144406545815839,-3.039129268386164,,3.314063984795703,
2012-11-02,2.6903767293910175,-2.3698451203582755,0.8844933756297749,-2.3698451203582755,,2.6903767293910175,
2012-11-05,-1.9331964918828208,2.249115195798621,2.249115195798621,-0.29303192906343256,,-1.9331964918828208,
2012-11-06,-2.412756402937917,2.651795811722497,2.655695511445615,-0.24568108255665022,,-2.412756402937917,
2012-11-07,2.694692508676828,-2.787271208323843,1.3708513708513674,-4.154325206956789,,2.694692508676828,
2012-11-08,3.926482873851298,-5.217772581116638,1.6515638702133812,-6.408944752996202,,3.926482873851298,
2012-11-09,-1.7757965507161781,1.8079011978275563,2.075738412320519,-1.071348857971867,,-1.7757965507161781,
2012-11-12,1.2573469235920014,-1.4695077149155034,0.9845701689933938,-1.5429831006612784,,1.2573469235920014,
2012-11-13,-0.5326965466568699,1.1782086795937246,1.1782086795937246,-0.2770083102493075,,-0.5326965466568699,
2012-11-15,-2.138504155124657,1.8983997584541132,1.9021739130434818,-0.35477053140096965,,-2.138504155124657,
2012-11-16,-3.691123188405787,3.8482639705305988,4.467434751939807,-0.7759228779684999,,-3.691123188405787,
2012-11-19,0.38796143898423213,0.632392551821067,0.972010774095331,-1.7839715813717385,,0.38796143898423213,
2012-11-20,-0.19127922863721888,0.9073842302878526,3.6060700876095044,-0.6648936170212765,,-0.19127922863721888,
2012-11-21,0.08604505632039339,0.8206330597889802,1.0785463071512273,-0.5861664712778429,,0.08604505632039339,
2012-11-22,0.011723329425563967,0.6251709451803227,0.937756417770484,-2.473332551869659,,0.011723329425563967,
2012-11-23,-1.6996835072090024,2.1543842912791087,2.1583591700453026,-0.4650608156451337,,-1.6996835072090024,
2012-11-26,0.5723825423324443,-0.3991779305983681,0.7825468342423597,-1.8219903564935542,,0.5723825423324443,
2012-11-27,-1.2291518457038935,1.8006482333640113,2.5969348965627663,-0.12404465607618378,,-1.2291518457038935,
2012-11-29,-0.11204033452041644,0.3925810199094551,2.263349757641309,-0.38456916236030775,,-0.11204033452041644,
2012-11-30,0.6369426751592211,-0.4776689754000478,1.6439773903351718,-1.361356579890129,,0.6369426751592211,
2012-12-03,0.9752408247750977,-0.2641226790712271,1.2181180273583827,-1.3521504316631738,,0.9752408247750977,
2012-12-04,0.20104860645722253,0.20457943189864733,1.1094499960657729,-0.7002911322684783,,0.20104860645722253,
2012-12-05,-0.5665276575655083,1.0485083485004352,1.285906465142043,-0.5222758566115484,,-0.5665276575655083,
2012-12-06,0.8190235024135403,-0.23939405831795885,0.3100349279855614,-1.255837682979475,,0.8190235024135403,
2012-12-07,2.2801302931596057,-1.7726958790576248,1.2969073747218243,-2.0029161230910835,,2.2801302931596057,
2012-12-10,2.3137134525362666,-1.8188636789799362,1.0838177386086665,-1.8188636789799362,,2.3137134525362666,
2012-12-11,-1.9838739921245112,2.5405570860116353,2.6629935720844777,-0.895316804407717,,-1.9838739921245112,
2012-12-12,0.4055708601163112,-0.16004877677005633,1.1355841780352178,-0.4610929045042264,,0.4055708601163112,
2012-12-13,0.7773797728831678,-0.32519095515389507,1.0701051198669054,-1.0247296377523978,,0.7773797728831678,
2012-12-14,0.3592225667397716,-0.15447797746881842,1.5033344636600012,-0.45589842131042196,,0.3592225667397716,
2012-12-17,0.5877698654911235,0.385811139828452,0.7603850619919911,-0.38581113982843496,,0.5877698654911235,
2012-12-18,-1.2698055961343835,1.3089005235602094,1.4492753623188337,-8.733591319523494,,-1.2698055961343835,
2012-12-19,-0.132787009636543,0.7180032671047994,1.0485127075181364,-0.5356532310147157,,-0.132787009636543,
2012-12-20,0.5356532310146985,-0.3589782345828295,0.7406287787182553,-0.9975816203143927,,0.5356532310146985,
2012-12-21,-1.0920495767835583,0.8595988538681949,1.612225405921674,-0.5157593123209169,,-1.0920495767835583,
2012-12-24,-0.4775549188156638,0.5758157389635317,1.036468330134357,-0.4107485604606456,,-0.4775549188156638,
2012-12-26,0.11900191938579306,-0.07668417622023696,0.6748207507380817,-0.4639392661324301,,0.11900191938579306,
2012-12-27,-1.5873624477589086,2.0765964078388666,2.1545174737990487,-0.6506409007675155,,-1.5873624477589086,
2012-12-28,1.079206763548536,-1.0175763182238702,0.7863089731729914,-1.067684242984901,,1.079206763548536,
2012-12-31,-0.7015109466543429,0.2290194860647501,0.5356726962192447,-0.31441658256346205,,-0.7015109466543429,
2013-01-01,1.738995419610286,-1.2552460892789048,0.5417779473483334,-1.2552460892789048,,1.738995419610286,
2013-01-02,1.018695154521168,-0.44189296370434034,1.3974392869282775,-0.6685047399629799,,1.018695154521168,
2013-01-03,1.1179514295426356,-0.724610615172005,1.3670488925409892,-1.3184925111119479,,1.1179514295426356,
2013-01-07,-0.3740224413464842,1.1376564277588168,1.2324611300720516,-0.40576412590063776,,-0.3740224413464842,
2013-01-08,-0.9594235874099424,1.0606118620056009,1.0606118620056009,-0.754297966841514,,-0.9594235874099424,
2013-01-09,-0.781100432668363,1.1963107320649866,1.7095666267896314,-0.4785242928259981,,-0.781100432668363,
2013-01-10,-1.5088951491529488,1.477156962620495,1.6887391270276768,-0.286027740772656,,-1.5088951491529488,
2013-01-11,-2.7740772666718807,4.243572176996845,4.243572176996845,-0.44329813814781976,,-2.7740772666718807,
2013-01-14,0.16119932296284356,0.1891043695179777,0.8006759475335998,-0.4707491751830801,,0.16119932296284356,
2013-01-15,-0.2615273195461495,0.6898220985114328,2.3841219895921544,-0.6010730565976882,,-0.2615273195461495,
2013-01-16,0.1976683206260878,0.2335131653112057,1.988887994202417,-1.3608181012964078,,0.1976683206260878,
2013-01-17,0.5032611321362428,0.5488122421183278,1.5863477947362057,-0.40459880623323974,,0.5032611321362428,
2013-01-18,0.33649801706524196,-0.03992494111071186,0.9502135984349496,-0.9861460454345758,,0.33649801706524196,
2013-01-21,0.878348704435661,-0.2651680056991261,0.49867415997151876,-0.9775596628012753,,0.878348704435661,
2013-01-22,0.19392883998892196,-0.06320113762047358,1.271922894612114,-0.4582082477484559,,0.19392883998892196,
2013-01-23,-1.7972823510823195,1.886488878162588,2.6426933751659334,-0.647600659667749,,-1.7972823510823195,
2013-01-24,-5.607175897992844,5.748497890654967,5.748497890654967,-1.5638982400818093,,-5.607175897992844,
2013-01-25,7.8748881407934626,-7.489630653762588,0.9678056488248075,-7.489630653762588,,7.8748881407934626,
2013-01-28,-2.0738692474817304,2.2186365469947558,2.43243243243244,-1.1698265429608712,,-2.0738692474817304,
2013-01-29,-2.146026623638557,1.9045263418253695,2.2508038585208965,-0.6472091681095009,,-2.146026623638557,
2013-01-30,-1.269684227883592,1.3194154488517706,1.624217118997916,-0.9937369519833061,,-1.269684227883592,
2013-01-31,0.21294363256784588,-0.029165451439515773,0.6458064247323029,-1.7915920169992918,,0.21294363256784588,
2013-02-01,-0.2749885421440736,0.2673908502193479,0.8731982452475492,-0.9400459578023814,,-0.2749885421440736,
2013-02-04,-5.230833507415911,6.220517568222894,6.687827888727233,-0.6304280738879416,,-5.230833507415911,
2013-02-05,-8.23524225190672,8.585154936343974,8.585154936343974,-1.2250780687004563,,-8.23524225190672,
2013-02-06,9.248138361758347,-7.651715039577836,0.6156552330694811,-8.091468777484609,,9.248138361758347,
2013-02-07,3.4080914687774846,-3.295768658303211,0.3614714012332554,-3.4573676376780855,,3.4080914687774846,
2013-02-08,-3.419094195194561,3.9144027123420413,4.271058077583549,-1.5234908194267056,,-3.419094195194561,
2013-02-11,1.2372858967020346,-1.413535142658316,0.6654488517745383,-1.617954070981203,,1.2372858967020346,
2013-02-12,-0.2479123173277583,0.01744059298016529,0.7194244604316548,-1.6394157401351608,,-0.2479123173277583,
2013-02-13,-1.0202746893394414,1.0484119642306586,1.6166688692128222,-0.8854235496233607,,-1.0202746893394414,
2013-02-14,-2.37434474252236,2.517823301146114,2.608067863911208,-1.7236711488132759,,-2.37434474252236,
2013-02-15,0.48280841079326203,-0.3996587183977767,1.4773900938524447,-2.5551214693071125,,0.48280841079326203,
2013-02-18,-0.2829044860568585,0.13509862199405567,1.594163739529861,-1.242907322345308,,-0.2829044860568585,
2013-02-19,-0.054039448797614076,0.38749211498602815,1.3697395692529553,-0.391997837253324,,-0.054039448797614076,
2013-02-20,0.7930071190411783,-0.31291908806437196,0.6794814483683423,-0.3397407241841712,,0.7930071190411783,
2013-02-21,-2.9637907912382735,2.3632929469756387,2.3771133735661474,-0.49292854839451883,,-2.9637907912382735,
2013-02-22,-0.0644953240889868,2.4293550915041635,2.4293550915041635,-1.1616650532429942,,-0.0644953240889868,
2013-02-25,0.5992716544507445,-0.10539339229254371,0.8019062457040735,-1.5167483847317218,,0.5992716544507445,
2013-02-26,-1.4525958850753915,1.4554077931740064,1.6507021296382405,-1.8878452524876737,,-1.4525958850753915,
2013-02-27,-2.5248767785734088,3.2438105233029617,3.5586509564470687,-1.1687258503076847,,-2.5248767785734088,
2013-02-28,-0.24805609884082777,0.5451676151307968,1.1620678111998557,-1.0090383051982166,,-0.24805609884082777,
2013-03-01,1.8124432117067615,-1.2024424612494085,0.8924377642085486,-4.114607797087831,,1.8124432117067615,
2013-03-04,0.0,-0.2865194927195824,0.9488022545796063,-0.986378581493659,,0.0,
2013-03-05,1.4232033818694307,-0.5464733941555218,1.0605288750983946,-1.3152410503403922,,1.4232033818694307,
2013-03-06,3.3344139304404203,-1.4027696858333787,1.55514722359162,-2.04365168287547,,3.3344139304404203,
2013-03-07,1.6761529153408161,-1.2650416538105442,1.049058932428271,-1.4545775113501125,,1.6761529153408161,
2013-03-08,0.8859699387314481,-0.3844809507165406,0.8388675288360632,-1.2583012932541149,,0.8859699387314481,
2013-03-11,0.7908074099965006,-0.7239152108890837,1.04035718930166,-1.7686072218128301,,0.7908074099965006,
2013-03-12,2.6875894056959555,-2.1824475494955577,1.14399088184389,-2.275317657984722,,2.6875894056959555,
2013-03-13,-0.0802060027861071,0.09294465568229059,0.9716941275876637,-1.1660329531051927,,-0.0802060027861071,
2013-03-14,6.256865230249257,-5.773130293030091,0.9900202775237602,-6.087233112003496,,6.256865230249257,
2013-03-15,3.486938889109788,-3.0121407714768744,0.6493007530351789,-3.1427693253419466,,3.486938889109788,
2013-03-18,-2.935300445673893,2.9132362254591477,2.9132362254591477,-0.5303989867004469,,-2.935300445673893,
2013-03-19,-2.014724509183031,2.617652999394069,3.1145223187234867,-0.4201171480509025,,-2.014724509183031,
2013-03-20,-0.5413047869117387,0.7270216481865112,1.466228016733679,-0.9788392023069701,,-0.5413047869117387,
2013-03-21,-0.5361276958693724,1.2658744742537464,2.658336395932864,-0.5267671199314015,,-0.5361276958693724,
2013-03-22,-3.79762342276124,3.994227259221525,4.7540218175644124,-1.260664714122003,,-3.79762342276124,
2013-03-25,2.1562884672524185,-1.1094029168570998,1.3836373457431415,-1.6620268417334942,,2.1562884672524185,
2013-03-26,1.4085677483691401,-1.2537900516266454,0.6309923789232194,-1.9011718429894326,,1.4085677483691401,
2013-03-28,1.9216586085388878,-1.7487437185929648,0.4221105527638191,-4.0,,1.9216586085388878,
2013-04-01,0.3899497487437113,0.14015697581291048,1.713919589940741,-0.2402691013935608,,0.3899497487437113,
2013-04-02,-0.32436328688130345,-0.28122614599654494,1.2775702060985972,-1.4904985737816845,,-0.32436328688130345,
2013-04-03,-1.5507613193523728,1.6119159355233625,2.3178943072842353,-0.3468679861252806,,-1.5507613193523728,
2013-04-04,-3.1136502754539963,2.7714598601634313,4.329879538370827,-0.7918456743323954,,-3.1136502754539963,
2013-04-05,-3.2474096537781114,3.321579382699934,4.444734665447735,-1.5062470070958998,,-3.2474096537781114,
2013-04-08,-2.2288973052979766,1.9635780756044305,1.9635780756044305,-1.1354022886148092,,-2.2288973052979766,
2013-04-09,-1.2244534485061667,1.262170934006491,3.137396321673274,-0.5228993869455422,,-1.2244534485061667,
2013-04-10,0.7527948070681489,-0.7292738579929188,0.9216589861751112,-4.15193951053643,,0.7527948070681489,
2013-04-11,-1.6956735716522793,2.221008556344447,2.962861824139831,-0.6917895503367841,,-1.6956735716522793,
2013-04-12,0.1092299290005503,-0.07274049827240903,1.591198399709038,-2.6186579378068697,,0.1092299290005503,
2013-04-15,0.8228768867066699,-0.2570230418902385,1.3617712044009684,-1.6999594174144304,,0.8228768867066699,
2013-04-16,-3.169950849979697,3.138679333147066,3.469311725807954,-1.285275216540929,,-3.169950849979697,
2013-04-17,0.8661637328862768,-0.554016620498615,1.10803324099723,-1.8467220683287167,,0.8661637328862768,
2013-04-18,0.3693444136657433,-0.36798528058877644,1.255749770009208,-0.40478380864766245,,0.3693444136657433,
2013-04-22,-0.9659613615455382,2.062238736646544,2.062238736646544,-1.2401300510914919,,-0.9659613615455382,
2013-04-23,-1.4212726428239624,1.5171503957783554,2.3369770071616993,-1.5501319261213762,,-1.4212726428239624,
2013-04-25,2.1108179419524937,-0.6183093392395551,1.3289036544850583,-2.547065337763004,,2.1108179419524937,
2013-04-26,1.0981912144702926,-0.11866727521679184,2.2364217252396164,-0.4564125969876769,,1.0981912144702926,
2013-04-29,-0.17800091282519812,0.13259567463765218,2.0529468245622096,-1.0470486031731558,,-0.17800091282519812,
2013-04-30,1.3533903342325413,-0.40600893219650835,0.8571299679704065,-0.7623945504578715,,1.3533903342325413,
2013-05-02,1.5383227319890092,-0.6619868491203168,1.2084592145015025,-1.368402345832601,,1.5383227319890092,
2013-05-03,-0.4842722587524476,0.5402026876199789,1.3661324166257383,-0.6205634180097367,,-0.4842722587524476,
2013-05-06,0.30804946649404397,0.4539789923446598,0.4539789923446598,-0.8367455937333176,,0.30804946649404397,
2013-05-07,1.183905999643934,-0.8533474091668906,1.2932172077065227,-1.9090349256620078,,1.183905999643934,
2013-05-08,-3.206650831353923,3.6037264258123236,4.062713019768239,-0.8316291751874656,,-3.206650831353923,
2013-05-09,-7.402862985685076,8.460934432665887,9.933254809579903,-1.8453082057322296,,-7.402862985685076,
2013-05-10,0.49568119356105894,-2.9056990770132343,1.103677296478983,-3.447770669531676,,0.49568119356105894,
2013-05-11,0.5713727596815962,-0.4564436243566132,0.5147130232106395,-0.6458191706322318,,0.5713727596815962,
2013-05-13,1.7772166650480679,-1.717557251908397,1.3263358778626042,-1.717557251908397,,1.7772166650480679,
2013-05-14,2.065839694656497,-0.9021642593371747,0.7806291777684203,-1.8370495021736166,,2.065839694656497,
2013-05-15,0.8133501612676872,-0.7743311540779811,0.3709370797978393,-3.0926879028144767,,0.8133501612676872,
2013-05-16,0.2735660963509107,-0.12022565430499904,1.2669934338296538,-1.660038842134472,,0.2735660963509107,
2013-05-17,0.9294367890502132,-1.0858111513263307,0.46272964676778144,-1.250744490768302,,0.9294367890502132,
2013-05-20,-0.1053740779768052,0.8851586864795326,1.5272427077600315,-0.5824619335901795,,-0.1053740779768052,
2013-05-21,2.1142909557879244,-1.9941612396137478,0.49854030990343184,-3.489782169324043,,2.1142909557879244,
2013-05-22,-1.1318212441050894,1.717167128514956,2.253214009903235,-0.8494980238949835,,-1.1318212441050894,
2013-05-23,-1.4082587561895243,1.8292401972077508,2.1056996728562782,-0.5851725567893965,,-1.4082587561895243,
2013-05-24,-0.8432014007280183,2.184014869888476,2.184014869888476,-0.9433085501858821,0.031235599139497736,,0.028645897470962335
2013-05-27,0.9154275092936719,-0.5387484459179361,0.842657825666537,-1.5978265874660322,-0.44608375832336666,,0.028645897470962335
2013-05-28,0.42363125661925094,-0.41267366683479295,1.1554862671374118,-1.1417304782429314,-0.17633568351973192,,0.028645897470962335
2013-05-29,0.7886652299509294,-0.7824939720667766,0.7188026022474038,-0.8552841090032176,0.24978282589356623,,0.028645897470962335
2013-05-30,0.5413766434648147,-1.7104072398190129,0.895927601809963,-1.7104072398190129,-0.925316114704376,,0.028645897470962335
2013-05-31,-0.21266968325791033,1.1200290209948676,2.43050832086337,-1.2379268126785554,19.853543938786636,,0.028645897470962335
2013-06-03,2.2536616333378596,-2.882483370288248,0.9933481152993388,-2.882483370288248,0.7971293064509687,,0.028645897470962335
2013-06-04,-0.9046563192904696,1.0471672782600954,1.8974313076165799,-0.8368388078403212,1.9677579138641084,,0.028645897470962335
2013-06-05,-0.8099883648080153,0.8436724565756741,1.0286487705842626,-0.5007895330475934,-2.0384124113943463,,0.028645897470962335
2013-06-06,-2.589668396120013,1.4404149877263632,2.2416747718957017,-0.4214719095919554,-2.200441727951029,,0.028645897470962335
2013-06-07,-0.3103144828863794,0.3530942204051249,1.7004274298457491,-0.7619401598215987,-0.0893171083498673,,0.028645897470962335
2013-06-10,-0.1997769931239631,1.1964061263442238,1.82021321167543,-0.6284623620874261,12.143479703462368,,0.028645897470962335
2013-06-11,-2.672128858060616,1.9754149327976362,2.735925766489706,-1.9514994977758517,-0.25303666284887133,,0.028645897470962335
2013-06-12,-0.7796431817094623,0.752024681835707,0.9303895102198093,-2.5645969919012748,-0.3936367824538395,,0.028645897470962335
2013-06-13,-4.396451986116469,3.4590560709963762,3.922952803549816,-3.307785397337643,-3.279643566106042,,0.028645897470962335
2013-06-14,-1.1950383219039957,1.3013523858127074,2.3118142383261016,-1.087011992855318,0.30946153861317605,,0.028645897470962335
2013-06-17,-1.9749936208216405,2.5614327363598526,2.7696793002915476,-1.0099958350687144,0.17713669447465416,,0.028645897470962335
2013-06-18,-2.6499375260308136,2.679287662441837,2.679287662441837,-0.7433552596395577,0.3850085184685792,,0.028645897470962335
2013-06-19,3.299641692069085,-1.8533857941602794,0.9525781735348982,-3.603230482501549,0.507149685093058,,0.028645897470962335
2013-06-20,1.040588113481059,-1.214325972229341,1.3372956909361022,-2.4440231592970254,-0.09742927053684092,,0.028645897470962335
2013-06-21,1.665214940820823,-3.6286664650740854,1.0986795685918735,-3.6286664650740854,2.4874138359124367,,0.028645897470962335
2013-06-24,1.7034573127708876,-1.3875123885034688,0.6937561942517344,-1.4023785926660037,2.953962268543318,,0.028645897470962335
2013-06-25,-0.1734390485629336,0.769421692727724,1.1566145445519957,-2.3678332092330625,0.6260919595140205,,0.028645897470962335
2013-06-27,2.5845028661790956,-1.5366828845320144,2.0473047834674114,-1.8257141480803551,-0.11793659406332585,,0.028645897470962335
2013-06-28,0.684040657064397,-0.4401703267786144,1.5501650638725464,-1.3635711209989954,-0.28211062421751254,,0.028645897470962335
2013-07-01,2.660159800966457,-1.197744325861016,0.6664491774246252,-2.577247518292386,-0.8008004558929619,,0.028645897470962335
2013-07-02,1.4680523838374424,-1.5248943597280828,0.49604997244167665,-3.453977585890126,2.6995065506426976,,0.028645897470962335
2013-07-03,1.5662318574315806,-2.862569529236204,0.8366119477230588,-2.898747343191804,-1.5230062290388382,,0.028645897470962335
2013-07-04,0.49744494188938626,0.2564910228141933,0.6164784232551779,-2.083427080052206,0.09839593090994783,,0.028645897470962335
2013-07-05,1.6469423570175001,-1.2793837708619278,0.2080658727699242,-1.305945371641064,-0.06451031476453956,,0.028645897470962335
2013-07-08,-0.6286245517729989,-0.34303024903104284,1.3052969216376435,-1.550318528088374,0.03683580152746069,,0.028645897470962335
2013-07-09,1.340936428030488,-0.474767012484622,1.8155442236680026,-1.415509055741176,-0.7666730428773084,,0.028645897470962335
2013-07-10,-2.202391419025864,2.674517912527532,2.7554276981166086,-1.9193599136962207,2.661175112952545,,0.028645897470962335
2013-07-11,2.166584258551727,-0.6115535219323371,0.7347441594438743,-1.4386906595098892,-0.18528552570968226,,0.028645897470962335
2013-07-12,-0.7391438250693028,0.08421612517176061,1.502592970169766,-1.3829174238730473,0.046630995207673775,,0.028645897470962335
2013-07-15,3.284428881698502,-3.441764655394379,1.278860183675229,-3.7850828255085323,-0.4963400176686108,,0.028645897470962335
2013-07-16,-1.2230709810316713,-0.5083199374375383,0.755962983881483,-1.020984489724986,-2.444158873499335,,0.028645897470962335
2013-07-17,-0.8298214363296654,1.3361955664593008,1.5508630509068648,-1.2573381231928424,-0.03029512485261033,,0.028645897470962335
2013-07-18,3.6011565758345867,-4.516238159675244,0.38903924221920744,-4.516238159675244,-0.7483156127387769,,0.028645897470962335
2013-07-19,-0.6935047361299091,0.9197751660705121,1.7586441832737065,-0.5706012604326388,-0.09775823223310112,,0.028645897470962335
2013-07-22,1.3966956225515128,-1.2262724676633554,1.5286410213337853,-1.9485973458760137,-7.447723433223954,,0.028645897470962335
2013-07-23,-1.98639341508482,3.432023651398942,3.5777025579502117,-0.9683362611937061,0.0019445837146057215,,0.028645897470962335
2013-07-24,1.3925189596812202,-2.5524002704530124,0.9592630155510403,-2.6369168356998007,-6.042184981875596,,0.028645897470962335
2013-07-25,-1.183231913455037,1.774717755730414,4.1267533356140955,-0.6158056790968222,0.17089244811787638,,0.028645897470962335
2013-07-26,-1.8132056106739691,1.0452961672473868,2.682926829268289,-1.6550522648083623,-0.034302311509391586,,0.028645897470962335
2013-07-29,-1.5853658536585404,0.9957514604354752,2.2304832713754688,-1.4338821030270885,-0.13093963543028014,,0.028645897470962335
2013-07-30,-2.9120198265179558,3.1269942565411575,3.1406691585376803,-1.7230376515635055,-1.4101936487440307,,0.028645897470962335
2013-07-31,2.7121888959795784,-3.5858518617139388,1.983757156170941,-3.5858518617139388,0.4663216881341,,0.028645897470962335
2013-08-01,-2.263347090933298,2.1568360350542615,2.869727103482714,-0.37687871770422654,0.09894511243092602,,0.028645897470962335
2013-08-02,3.546292512373423,-3.52569724609718,0.9472022452201329,-5.805998947553065,-0.25641134808665256,,0.028645897470962335
2013-08-05,-0.3727416242764427,0.8583124257229631,1.6770104317971701,-0.928738060654074,0.5773228138459705,,0.028645897470962335
2013-08-06,-3.0635151195034953,3.0740589383825916,3.0740589383825916,-0.535803478181909,-0.08721952287977054,,0.028645897470962335
2013-08-07,-2.96508195976934,2.9480580252690687,2.9480580252690687,-0.5194197473093078,-3.176093851805349,,0.028645897470962335
2013-08-08,-0.3790360318203046,0.3335055662548691,0.8971769458405707,-1.4185729719573617,0.141191568169478,,0.028645897470962335
2013-08-12,-0.5448823335995072,0.5998205261417757,2.4890190336749543,-0.8123553582392797,-0.08615007479061855,,0.028645897470962335
2013-08-13,-0.1227979029896738,0.06147444081903731,0.6904052584291088,-0.6951340615690084,-1.4626791616372392,,0.028645897470962335
2013-08-14,0.17969451931716945,0.259617654000472,0.7316497521831484,-0.5239556289827666,-0.11378057179390794,,0.028645897470962335
2013-08-16,-0.660844937455747,0.3563791874554526,4.537894986932764,-1.639344262295082,-0.3666135841508208,,0.028645897470962335
2013-08-19,-1.1689237348538801,1.0721669311024438,9.716813308332126,-1.34141064474254,-0.08016444269453142,,0.028645897470962335
2013-08-20,2.0145199288427373,-2.5355829955698077,2.130266754642276,-3.388632293335851,0.03592316553667327,,0.028645897470962335
2013-08-21,-1.7013856159864436,2.21987821834397,3.523996739703697,-1.4143932492688307,-3.3117889061139145,,0.028645897470962335
2013-08-22,0.73356666826486,-0.809138505473584,1.332698714897668,-1.285102332222751,1.0246954238626145,,0.028645897470962335
2013-08-23,0.18562589243217947,0.05225901468002798,2.023849113972156,-0.5178393272839608,-0.3132941489378153,,0.028645897470962335
2013-08-26,2.3516556606014536,-1.8752320831786153,1.5595989602673554,-1.8752320831786153,-0.699705098188017,,0.028645897470962335
2013-08-27,-1.1279242480505098,1.2159053565560347,1.2159053565560347,-1.8825407257875175,-1.4552267795144178,,0.028645897470962335
2013-08-28,0.23473076381390545,-0.3325371176994009,1.3816683059341484,-1.8312959580347483,-0.06467169159591554,,0.028645897470962335
2013-08-29,-2.5291555430658987,3.118543078179813,3.887367257700259,-3.2242564028638654,0.07467808430171,,0.028645897470962335
2013-08-30,-3.5750324347700673,3.667713160910955,4.051427717147553,-2.2275377485423853,-0.013756137544188016,,0.028645897470962335
2013-09-02,5.167688244381325,-4.586808188021236,0.4548900682335059,-5.231235784685372,-0.08795442086293306,,0.028645897470962335
2013-09-03,-1.3220242608036434,1.800720288115246,3.721488595438175,-1.56062424969988,0.026237829956974337,,0.028645897470962335
2013-09-04,0.24009603841536614,-0.2634730538922156,0.9820359281437127,-0.8383233532934131,0.14561211727680265,,0.028645897470962335
2013-09-05,-0.2251497005987937,0.7297868254273007,2.050124831956972,-1.5315920875744233,-0.08452406190530976,,0.028645897470962335
2013-09-06,-0.6145573266756377,1.0628019323671498,1.4492753623188406,-0.6763285024154589,-0.17535165664503305,,0.028645897470962335
2013-09-10,3.2270531400966274,-2.0965930363159946,0.4352302508423683,-2.0965930363159946,-0.17929814116548504,,0.028645897470962335
2013-09-11,0.22931486334704398,-0.826446280991727,0.6583555119764843,-0.826446280991727,-0.09915579003983112,,0.028645897470962335
2013-09-12,-0.3735350422561517,0.7639311993251247,1.4200684257393348,-1.1107465904297615,-0.11161867790666144,,0.028645897470962335
2013-09-13,-0.6233303650934868,0.7357102433503069,0.7357102433503069,-0.962082625919642,17.365327353950274,,0.028645897470962335
2013-09-16,-0.8253159781173364,0.8321841266822008,1.288696561890718,-0.7085453421465637,-0.03892381392596031,,0.028645897470962335
2013-09-17,-1.459888725093931,1.3415693465881762,1.43808512691826,-0.7817778206736714,-2.2457540015635513,,0.028645897470962335
2013-09-18,0.9506804362513404,-0.4732539796357422,0.32506333954776645,-0.5688608442086185,0.14593766741992184,,0.028645897470962335
2013-09-19,1.7065825326258337,-1.203233690543331,0.20680579056214002,-1.203233690543331,2.8113097493337658,,0.028645897470962335
2013-09-20,0.2585072382026697,-0.3328489053490183,0.8766583845108187,-2.142421827387362,1.263783359975241,,0.028645897470962335
2013-09-23,4.266091603769163,-4.141000854278131,1.097072973337534,-5.768625511442819,-2.2101605170778664,,0.028645897470962335
2013-09-24,3.7858009981565703,-3.3921067452237654,0.5935103756010838,-3.3921067452237654,-1.7547675963114515,,0.028645897470962335
2013-09-25,0.3639041719013835,-0.3755341649760357,1.42875642077094,-0.8935123235636819,-1.4303147004898515,,0.028645897470962335
2013-09-26,0.7381188759874117,-0.848401748221792,2.6651812494643847,-0.848401748221792,-0.2897864533192669,,0.028645897470962335
2013-09-27,0.539892021595677,-0.18752130923969018,0.6392771905898398,-1.4660756904193697,3.8382564715491574,,0.028645897470962335
2013-09-30,-1.5513126491646816,1.4199134199134278,2.23376623376623,-0.7792207792207793,0.4903338060740491,,0.028645897470962335
2013-10-01,0.08658008658008658,-0.9083044982698962,1.6003460207612457,-0.9083044982698962,0.24465866057400146,,0.028645897470962335
2013-10-03,0.9083044982698962,-0.7286755250750108,3.36048006858123,-0.7286755250750108,-0.15755831074352905,,0.028645897470962335
2013-10-04,1.8431204457779682,-1.7676767676767675,0.5892255892255892,-1.936026936026936,-0.060963484381084454,,0.028645897470962335
2013-10-07,1.4646464646464723,-1.4435042309606845,1.5762402521984402,-2.43902439024391,-0.04175632921931733,,0.028645897470962335
2013-10-08,-1.559648249543735,1.550648912860281,3.236136861621447,-0.4550817461655035,-0.06350438833178132,,0.028645897470962335
2013-10-09,-3.632226529580306,3.6292085701792742,3.6292085701792742,-1.355487538259729,6.852929003163025,,0.028645897470962335
2013-10-10,-0.11805859204196843,0.17948605699776338,1.422755329860351,-0.6829225583329844,-0.0783184428405563,,0.028645897470962335
2013-10-11,-1.3220680295933227,1.5926533871611772,2.7461070937403,-1.4240716915842202,-0.28094690938791034,,0.028645897470962335
2013-10-14,-1.8943258950357047,1.745500587862888,1.745500587862888,-0.6963914262458212,-16.82650071382696,,0.028645897470962335
2013-10-15,0.5742968255403734,-0.3641922575423726,1.8839080976574836,-0.6699339058495613,-0.3986120953324347,,0.028645897470962335
2013-10-17,1.0251337619711425,-0.5741243491032129,1.5087453825270412,-1.0013796786683875,4.3007316305817085,,0.028645897470962335
2013-10-18,3.9699141038764436,-3.6856298959804765,0.25255768160609954,-3.6856298959804765,-0.3495931374660779,,0.028645897470962335
2013-10-21,-0.089893412097081,0.08997429305912207,1.0282776349614395,-1.371036846615253,0.03077972846891587,,0.028645897470962335
2013-10-22,-1.0454155955441342,1.0564599930723975,1.0564599930723975,-1.021821960512639,-0.1535104546935746,,0.028645897470962335
2013-10-23,-2.238482854173875,2.218875946676111,2.378316134461217,-0.9654989149209523,0.01969877275820424,,0.028645897470962335
2013-10-24,0.8149165153461221,-0.5403505689056882,1.9197821025348072,-0.5403505689056882,0.07569821465142038,,0.028645897470962335
2013-10-25,-0.1581513860211907,0.5852070224842779,1.729220750649016,-0.506006072072865,0.2005646467802327,,0.028645897470962335
2013-10-28,-1.9448233378800466,1.9519856405654026,2.400717971729863,-0.6416872335651865,-18.235222741984508,,0.028645897470962335
2013-10-29,3.504599506394432,-3.7544437700511537,0.40752622908176933,-4.448105436573307,0.5534105615515286,,0.028645897470962335
2013-10-30,-1.716812624642327,1.9850022055580063,2.5849139832377555,-1.4556682840758712,-0.1251180997348493,,0.028645897470962335
2013-10-31,4.750771945302153,-5.166968459173783,1.6170463637512147,-7.3525076851812825,-0.26240126482196396,,0.028645897470962335
2013-11-01,-1.3685939276540195,1.6138673042438811,2.51899923149176,-0.7813167107847208,0.14869783679339607,,0.028645897470962335
2013-11-03,-0.03415592178292747,1.5674382847868717,1.5674382847868717,-0.4868881865550564,-4.953409296575816,,0.028645897470962335
2013-11-05,16.22960621850175,-13.941353714999636,2.149628867494672,-13.941353714999636,-0.01567884093731789,,0.028645897470962335
2013-11-06,-4.604247813625347,4.464388891028855,4.664689341704862,-1.0053541851238361,-0.16159233812830476,,0.028645897470962335
2013-11-07,-3.7825969723816426,4.087433444093034,4.888106009047596,-0.7085952199847981,-3.84189393178671,,0.028645897470962335
2013-11-08,0.8326994675527333,-0.9012585857783705,1.719140826616913,-2.0129431849763697,-0.10382195573894143,,0.028645897470962335
2013-11-11,-0.7940604279985707,0.9324848921439222,1.8089406491375626,-1.3847200544282992,0.10468421580842618,,0.028645897470962335
2013-11-12,-1.0725577300195992,1.1367773777256325,5.424976738541199,-3.1514219830899344,6.868340257377841,,0.028645897470962335
2013-11-13,0.7888668635462599,-0.7786786545717304,2.352091193706346,-1.4208878542185153,-0.08564737130763955,,0.028645897470962335
2013-11-14,-1.673757726579444,2.2982406008899123,4.004571988406759,-3.653508592888925,-0.1206767044028744,,0.028645897470962335
2013-11-18,2.4860186961668815,-1.907910459651083,1.3303592766669359,-1.907910459651083,1.431402037973376,,0.028645897470962335
2013-11-19,5.385166892376335,-5.510620606243865,1.5949807241665968,-5.510620606243865,0.2810655145804142,,0.028645897470962335
2013-11-20,-3.847607528913757,4.001572327044032,4.088050314465408,-0.550314465408805,0.08240102810031663,,0.028645897470962335
2013-11-21,-1.556603773584902,1.4214981632327066,1.7888516211467709,-0.17569078421977682,-0.9149732227382691,,0.028645897470962335
2013-11-22,1.2537933237502032,-0.8596892499408543,1.3644609196308821,-0.8596892499408543,0.7949477464488917,,0.028645897470962335
2013-11-25,1.5143150090701016,-1.017791935358551,1.1887188252661163,-1.017791935358551,-0.5120331025250834,,0.028645897470962335
2013-11-26,-1.926812213503221,1.8775251524994097,3.303493622752123,-0.9744117880060172,-1.4977503398375724,,0.028645897470962335
2013-11-27,0.9981779291769102,-1.0118440662012778,1.1844066201270615,-1.9138755980861313,-0.83858150328394,,0.028645897470962335
2013-11-28,4.498392030747502,-3.8468755864139617,0.5779696003002474,-3.8468755864139617,-0.22479082521153249,,0.028645897470962335
2013-11-29,-1.291048977294055,2.125394471693095,2.1672179765027946,-1.448614121136075,-0.043258437320292414,,0.028645897470962335
2013-12-02,-0.6615718033534881,0.7348719715237216,1.0448960845102837,-1.018103877215138,0.25001256262553817,,0.028645897470962335
2013-12-03,1.4927086921575383,-1.4971527699211757,1.7422785382961978,-1.9383791529961776,0.013982428125128787,,0.028645897470962335
2013-12-04,-0.32809141305576867,0.2648505486189936,1.2485811577752552,-0.6091562618236818,-0.09505525887886741,,0.028645897470962335
2013-12-05,3.1895573212258865,-1.9543137901954377,1.198988010119892,-3.12763539031277,-0.41343220650647483,,0.028645897470962335
2013-12-06,-1.1146555201114687,1.5981311876599025,1.8947680670399314,-0.33000852831028554,0.15960423773478435,,0.028645897470962335
2013-12-09,-0.014831843969004818,0.2781383274615242,1.7504172074911857,-0.9827554236973854,2.3224488359148467,,0.028645897470962335
2013-12-10,0.4264787687743371,0.07385524372230429,0.8124076809453471,-1.3072378138847893,0.039273373869726305,,0.028645897470962335
2013-12-11,-0.6019202363367867,0.6055652561578253,0.6798677415759625,-0.38637292417430014,-0.074442163028232,,0.028645897470962335
2013-12-12,-0.1300293494817402,0.02975969049922558,0.5207945837363291,-0.6026337326091742,-0.1813334777604419,,0.028645897470962335
2013-12-13,-1.5772635964585835,1.292614710106577,1.292614710106577,-0.30992516441153045,-1.0386093882684155,,0.028645897470962335
2013-12-16,-1.4324589916093464,1.3075654741362746,1.614325702672645,-0.6787070056367296,-0.04242689506476691,,0.028645897470962335
2013-12-17,-0.3757812799570605,0.8429236749932678,1.4741541896000994,-0.5157615180324119,0.0688700555038152,,0.028645897470962335
2013-12-18,0.16165659520419817,0.015371017945649471,0.4496022749106489,-0.29204934096761953,0.9342691259712171,,0.028645897470962335
2013-12-19,-0.13065365253814284,0.8118819500557893,3.2244411097002468,-0.72723075147178,-0.1009725873927,,0.028645897470962335
2013-12-20,-0.7426218784870592,0.8683516824313884,1.5583811443634779,-0.3488913009768957,-0.08784207370112743,,0.028645897470962335
2013-12-23,-0.8605985424096688,1.1183232970986123,1.8378040197075154,-1.4585125518104396,-0.5216615823565378,,0.028645897470962335
2013-12-24,-0.4614061155861493,0.5656819610308018,1.1942174732872444,-0.7699560025141385,6.494259392048521,,0.028645897470962335
2013-12-26,-2.698774355751093,3.032015826234402,4.957810165933211,-0.8236101578586172,0.24227013005535222,,0.028645897470962335
2013-12-27,1.4897654325972016,-1.583260402577778,0.6444426764261205,-1.583260402577778,0.10765440635099105,,0.028645897470962335
2013-12-30,0.43758453337576575,0.35646387832699616,0.9980988593155821,-0.1623891001267571,-2.6882181151185107,,0.028645897470962335
2013-12-31,0.38022813688212564,-0.1736111111111147,0.5326704545454545,-0.48926767676768035,3.2732796798353143,,0.028645897470962335
